timestamp,datetime,pod,storage_used,total_storage
1773494892.1675358,2026-03-14T18:58:12.167537,mongodb,0.19565200805664062,10
1773494897.5906854,2026-03-14T18:58:17.590687,mongodb,0.19565200805664062,10
1773494902.900219,2026-03-14T18:58:22.900220,mongodb,0.19565200805664062,10
1773494908.2072425,2026-03-14T18:58:28.207244,mongodb,0.19565200805664062,10
1773494913.5318685,2026-03-14T18:58:33.531870,mongodb,0.19565200805664062,10
1773494918.829487,2026-03-14T18:58:38.829489,mongodb,0.19565200805664062,10
1773494924.1291487,2026-03-14T18:58:44.129151,mongodb,0.19565200805664062,10
1773494929.4250445,2026-03-14T18:58:49.425046,mongodb,0.19565200805664062,10
1773494934.7457168,2026-03-14T18:58:54.745719,mongodb,0.19565200805664062,10
1773494940.063089,2026-03-14T18:59:00.063091,mongodb,0.19565200805664062,10
1773494945.384108,2026-03-14T18:59:05.384109,mongodb,0.19565200805664062,10
1773494950.6952589,2026-03-14T18:59:10.695261,mongodb,0.19565200805664062,10
1773494956.0787263,2026-03-14T18:59:16.078728,mongodb,0.19565200805664062,10
1773494961.4614897,2026-03-14T18:59:21.461491,mongodb,0.19565200805664062,10
1773494966.9792132,2026-03-14T18:59:26.979215,mongodb,0.19565200805664062,10
1773494972.3591812,2026-03-14T18:59:32.359183,mongodb,0.19565200805664062,10
1773494977.7058017,2026-03-14T18:59:37.705803,mongodb,0.19565200805664062,10
1773494983.0570152,2026-03-14T18:59:43.057017,mongodb,0.1956787109375,10
1773494988.4732716,2026-03-14T18:59:48.473274,mongodb,0.1956787109375,10
1773494993.9533746,2026-03-14T18:59:53.953377,mongodb,0.1956787109375,10
1773494999.3132164,2026-03-14T18:59:59.313219,mongodb,0.1956787109375,10
1773495004.756491,2026-03-14T19:00:04.756493,mongodb,0.1956787109375,10
1773495010.1397126,2026-03-14T19:00:10.139714,mongodb,0.1956787109375,10
1773495015.4712906,2026-03-14T19:00:15.471292,mongodb,0.1956787109375,10
1773495020.8014786,2026-03-14T19:00:20.801481,mongodb,0.1956787109375,10
1773495026.2307637,2026-03-14T19:00:26.230766,mongodb,0.1956787109375,10
1773495031.5086462,2026-03-14T19:00:31.508648,mongodb,0.1956787109375,10
1773495036.9540594,2026-03-14T19:00:36.954061,mongodb,0.1956787109375,10
1773495042.2388933,2026-03-14T19:00:42.238896,mongodb,0.1956787109375,10
1773495047.6446946,2026-03-14T19:00:47.644696,mongodb,0.19568252563476562,10
1773495052.9249728,2026-03-14T19:00:52.924974,mongodb,0.19568252563476562,10
1773495058.305995,2026-03-14T19:00:58.305997,mongodb,0.19568252563476562,10
1773495063.6289954,2026-03-14T19:01:03.628997,mongodb,0.19568252563476562,10
1773495068.9830484,2026-03-14T19:01:08.983051,mongodb,0.19568252563476562,10
1773495074.2923794,2026-03-14T19:01:14.292381,mongodb,0.19568252563476562,10
1773495079.623315,2026-03-14T19:01:19.623317,mongodb,0.19568252563476562,10
1773495085.862408,2026-03-14T19:01:25.862410,mongodb,0.19568252563476562,10
1773495091.1702447,2026-03-14T19:01:31.170247,mongodb,0.19568252563476562,10
1773495096.4742627,2026-03-14T19:01:36.474264,mongodb,0.19916534423828125,10
1773495101.8373814,2026-03-14T19:01:41.837382,mongodb,0.19916534423828125,10
1773495107.243799,2026-03-14T19:01:47.243801,mongodb,0.19919204711914062,10
1773495112.5438604,2026-03-14T19:01:52.543862,mongodb,0.2966804504394531,10
1773495117.9135175,2026-03-14T19:01:57.913519,mongodb,0.29668426513671875,10
1773495123.2738245,2026-03-14T19:02:03.273826,mongodb,0.29668426513671875,10
1773495128.6842608,2026-03-14T19:02:08.684262,mongodb,0.36809539794921875,10
1773495134.077703,2026-03-14T19:02:14.077705,mongodb,0.4655189514160156,10
1773495139.9671686,2026-03-14T19:02:19.967171,mongodb,0.5291786193847656,10
1773495145.319528,2026-03-14T19:02:25.319529,mongodb,0.5291786193847656,10
1773495150.7403047,2026-03-14T19:02:30.740306,mongodb,0.6980438232421875,10
1773495156.6850247,2026-03-14T19:02:36.685027,mongodb,0.527374267578125,10
1773495162.1078293,2026-03-14T19:02:42.107830,mongodb,0.527374267578125,10
1773495167.5380623,2026-03-14T19:02:47.538063,mongodb,0.6248512268066406,10
1773495172.9534903,2026-03-14T19:02:52.953492,mongodb,0.6248550415039062,10
1773495178.2684047,2026-03-14T19:02:58.268406,mongodb,0.6453208923339844,10
1773495183.6169357,2026-03-14T19:03:03.616937,mongodb,0.6454849243164062,10
1773495189.0251777,2026-03-14T19:03:09.025179,mongodb,0.7588844299316406,10
1773495194.3458378,2026-03-14T19:03:14.345839,mongodb,0.8064956665039062,10
1773495199.8009918,2026-03-14T19:03:19.800994,mongodb,0.8064956665039062,10
1773495205.1663454,2026-03-14T19:03:25.166347,mongodb,0.8064956665039062,10
1773495210.9656935,2026-03-14T19:03:30.965695,mongodb,0.8461685180664062,10
1773495216.261334,2026-03-14T19:03:36.261335,mongodb,0.7976150512695312,10
1773495221.5882173,2026-03-14T19:03:41.588218,mongodb,0.7973976135253906,10
1773495226.9387898,2026-03-14T19:03:46.938791,mongodb,0.9162826538085938,10
1773495232.2223754,2026-03-14T19:03:52.222377,mongodb,1.0772895812988281,10
1773495237.8532743,2026-03-14T19:03:57.853275,mongodb,1.2383842468261719,10
1773495243.1775272,2026-03-14T19:04:03.177529,mongodb,1.3098182678222656,10
1773495248.4855037,2026-03-14T19:04:08.485505,mongodb,1.4945907592773438,10
1773495253.808201,2026-03-14T19:04:13.808202,mongodb,1.6398506164550781,10
1773495259.1295485,2026-03-14T19:04:19.129551,mongodb,1.6953926086425781,10
1773495264.4406228,2026-03-14T19:04:24.440624,mongodb,1.9992408752441406,10
1773495269.7982535,2026-03-14T19:04:29.798255,mongodb,2.096771240234375,10
1773495275.0779765,2026-03-14T19:04:35.077978,mongodb,1.5637702941894531,10
1773495280.41842,2026-03-14T19:04:40.418421,mongodb,1.6612472534179688,10
1773495285.694364,2026-03-14T19:04:45.694365,mongodb,1.7587051391601562,10
1773495291.054949,2026-03-14T19:04:51.054950,mongodb,1.8427391052246094,10
1773495296.8562026,2026-03-14T19:04:56.856204,redis,0.0,10
1773495296.8562026,2026-03-14T19:04:56.856204,mongodb,2.011749267578125,10
1773495302.3018875,2026-03-14T19:05:02.301890,redis,0.0,10
1773495302.3018875,2026-03-14T19:05:02.301890,mongodb,2.1885833740234375,10
1773495307.707011,2026-03-14T19:05:07.707012,redis,0.0,10
1773495307.707011,2026-03-14T19:05:07.707012,mongodb,2.357524871826172,10
1773495313.156783,2026-03-14T19:05:13.156785,redis,0.0,10
1773495313.156783,2026-03-14T19:05:13.156785,mongodb,2.4368743896484375,10
1773495318.6384926,2026-03-14T19:05:18.638494,redis,0.0,10
1773495318.6384926,2026-03-14T19:05:18.638494,mongodb,2.6057205200195312,10
1773495324.0900552,2026-03-14T19:05:24.090056,redis,1.52587890625e-05,10
1773495324.0900552,2026-03-14T19:05:24.090056,mongodb,2.6691131591796875,10
1773495329.5047936,2026-03-14T19:05:29.504795,redis,1.52587890625e-05,10
1773495329.5047936,2026-03-14T19:05:29.504795,mongodb,2.8302764892578125,10
1773495335.029177,2026-03-14T19:05:35.029181,redis,1.52587890625e-05,10
1773495335.029177,2026-03-14T19:05:35.029181,mongodb,2.3036651611328125,10
1773495340.9615445,2026-03-14T19:05:40.961546,redis,1.52587890625e-05,10
1773495340.9615445,2026-03-14T19:05:40.961546,mongodb,2.3036651611328125,10
1773495346.482697,2026-03-14T19:05:46.482698,redis,1.52587890625e-05,10
1773495346.482697,2026-03-14T19:05:46.482698,mongodb,2.403034210205078,10
1773495351.9935248,2026-03-14T19:05:51.993526,redis,1.52587890625e-05,10
1773495351.9935248,2026-03-14T19:05:51.993526,mongodb,2.5401611328125,10
1773495357.524362,2026-03-14T19:05:57.524364,redis,1.52587890625e-05,10
1773495357.524362,2026-03-14T19:05:57.524364,mongodb,2.571990966796875,10
1773495363.0335207,2026-03-14T19:06:03.033522,redis,1.52587890625e-05,10
1773495363.0335207,2026-03-14T19:06:03.033522,mongodb,2.772563934326172,10
1773495368.4727173,2026-03-14T19:06:08.472718,redis,1.52587890625e-05,10
1773495368.4727173,2026-03-14T19:06:08.472718,mongodb,2.8441314697265625,10
1773495373.98178,2026-03-14T19:06:13.981781,redis,1.52587890625e-05,10
1773495373.98178,2026-03-14T19:06:13.981781,mongodb,2.989215850830078,10
1773495379.4371996,2026-03-14T19:06:19.437200,redis,1.52587890625e-05,10
1773495379.4371996,2026-03-14T19:06:19.437200,mongodb,3.0207901000976562,10
1773495384.9355712,2026-03-14T19:06:24.935572,redis,1.52587890625e-05,10
1773495384.9355712,2026-03-14T19:06:24.935572,mongodb,3.2058372497558594,10
1773495390.5067728,2026-03-14T19:06:30.506774,redis,1.52587890625e-05,10
1773495390.5067728,2026-03-14T19:06:30.506774,mongodb,3.3430404663085938,10
1773495395.985139,2026-03-14T19:06:35.985140,redis,1.52587890625e-05,10
1773495395.985139,2026-03-14T19:06:35.985140,mongodb,2.973186492919922,10
1773495401.5315106,2026-03-14T19:06:41.531512,redis,1.52587890625e-05,10
1773495401.5315106,2026-03-14T19:06:41.531512,mongodb,3.070842742919922,10
1773495407.0248451,2026-03-14T19:06:47.024846,redis,1.52587890625e-05,10
1773495407.0248451,2026-03-14T19:06:47.024846,mongodb,3.2035751342773438,10
1773495412.9622133,2026-03-14T19:06:52.962216,redis,1.52587890625e-05,10
1773495412.9622133,2026-03-14T19:06:52.962216,mongodb,3.2430458068847656,10
1773495418.4030018,2026-03-14T19:06:58.403003,redis,1.52587890625e-05,10
1773495418.4030018,2026-03-14T19:06:58.403003,mongodb,3.3962440490722656,10
1773495423.8226867,2026-03-14T19:07:03.822688,redis,1.52587890625e-05,10
1773495423.8226867,2026-03-14T19:07:03.822688,mongodb,3.5334510803222656,10
1773495429.235466,2026-03-14T19:07:09.235467,redis,1.52587890625e-05,10
1773495429.235466,2026-03-14T19:07:09.235467,mongodb,3.6852569580078125,10
1773495434.7342339,2026-03-14T19:07:14.734236,redis,1.52587890625e-05,10
1773495434.7342339,2026-03-14T19:07:14.734236,mongodb,3.7827911376953125,10
1773495440.1869376,2026-03-14T19:07:20.186939,redis,1.52587890625e-05,10
1773495440.1869376,2026-03-14T19:07:20.186939,mongodb,3.8863525390625,10
1773495445.6138031,2026-03-14T19:07:25.613805,redis,1.52587890625e-05,10
1773495445.6138031,2026-03-14T19:07:25.613805,mongodb,3.983806610107422,10
1773495451.0933907,2026-03-14T19:07:31.093391,redis,1.52587890625e-05,10
1773495451.0933907,2026-03-14T19:07:31.093391,mongodb,4.136783599853516,10
1773495456.5493448,2026-03-14T19:07:36.549346,redis,1.52587890625e-05,10
1773495456.5493448,2026-03-14T19:07:36.549346,mongodb,3.648895263671875,10
1773495461.9753377,2026-03-14T19:07:41.975339,redis,1.52587890625e-05,10
1773495461.9753377,2026-03-14T19:07:41.975339,mongodb,3.7463150024414062,10
1773495468.004083,2026-03-14T19:07:48.004084,redis,1.52587890625e-05,10
1773495468.004083,2026-03-14T19:07:48.004084,mongodb,3.753459930419922,10
1773495473.9664917,2026-03-14T19:07:53.966493,redis,1.52587890625e-05,10
1773495473.9664917,2026-03-14T19:07:53.966493,mongodb,3.914592742919922,10
1773495479.484409,2026-03-14T19:07:59.484410,redis,1.52587890625e-05,10
1773495479.484409,2026-03-14T19:07:59.484410,mongodb,4.059730529785156,10
1773495484.977061,2026-03-14T19:08:04.977062,redis,1.52587890625e-05,10
1773495484.977061,2026-03-14T19:08:04.977062,mongodb,4.13909912109375,10
1773495490.4437308,2026-03-14T19:08:10.443732,redis,1.52587890625e-05,10
1773495490.4437308,2026-03-14T19:08:10.443732,mongodb,4.276283264160156,10
1773495495.8793452,2026-03-14T19:08:15.879347,redis,1.52587890625e-05,10
1773495495.8793452,2026-03-14T19:08:15.879347,mongodb,4.413414001464844,10
1773495501.336511,2026-03-14T19:08:21.336512,redis,1.52587890625e-05,10
1773495501.336511,2026-03-14T19:08:21.336512,mongodb,4.484825134277344,10
1773495506.9659147,2026-03-14T19:08:26.965917,redis,1.52587890625e-05,10
1773495506.9659147,2026-03-14T19:08:26.965917,mongodb,4.653968811035156,10
1773495512.4559577,2026-03-14T19:08:32.455959,redis,1.52587890625e-05,10
1773495512.4559577,2026-03-14T19:08:32.455959,mongodb,4.685707092285156,10
1773495517.935915,2026-03-14T19:08:37.935916,redis,1.52587890625e-05,10
1773495517.935915,2026-03-14T19:08:37.935916,mongodb,4.322513580322266,10
1773495523.4260614,2026-03-14T19:08:43.426063,redis,1.52587890625e-05,10
1773495523.4260614,2026-03-14T19:08:43.426063,mongodb,4.419994354248047,10
1773495529.006923,2026-03-14T19:08:49.006925,redis,1.52587890625e-05,10
1773495529.006923,2026-03-14T19:08:49.006925,mongodb,4.420146942138672,10
1773495534.9757464,2026-03-14T19:08:54.975748,redis,1.52587890625e-05,10
1773495534.9757464,2026-03-14T19:08:54.975748,mongodb,4.585521697998047,10
1773495540.4924822,2026-03-14T19:09:00.492485,redis,1.52587890625e-05,10
1773495540.4924822,2026-03-14T19:09:00.492485,mongodb,4.722724914550781,10
1773495546.0131688,2026-03-14T19:09:06.013170,redis,1.52587890625e-05,10
1773495546.0131688,2026-03-14T19:09:06.013170,mongodb,4.786350250244141,10
1773495551.5538921,2026-03-14T19:09:11.553893,redis,1.52587890625e-05,10
1773495551.5538921,2026-03-14T19:09:11.553893,mongodb,4.947246551513672,10
1773495557.0500524,2026-03-14T19:09:17.050053,redis,1.52587890625e-05,10
1773495557.0500524,2026-03-14T19:09:17.050053,mongodb,5.116039276123047,10
1773495562.4879646,2026-03-14T19:09:22.487966,redis,0.0052337646484375,10
1773495562.4879646,2026-03-14T19:09:22.487966,mongodb,5.187602996826172,10
1773495567.9851992,2026-03-14T19:09:27.985200,redis,0.02069854736328125,10
1773495567.9851992,2026-03-14T19:09:27.985200,mongodb,5.356548309326172,10
1773495573.40823,2026-03-14T19:09:33.408231,redis,0.035785675048828125,10
1773495573.40823,2026-03-14T19:09:33.408231,mongodb,5.541469573974609,10
1773495578.8181283,2026-03-14T19:09:38.818129,redis,0.050506591796875,10
1773495578.8181283,2026-03-14T19:09:38.818129,mongodb,5.043445587158203,10
1773495584.253066,2026-03-14T19:09:44.253067,redis,0.06595993041992188,10
1773495584.253066,2026-03-14T19:09:44.253067,mongodb,5.140979766845703,10
1773495589.7003436,2026-03-14T19:09:49.700345,redis,0.08086395263671875,10
1773495589.7003436,2026-03-14T19:09:49.700345,mongodb,5.255313873291016,10
1773495595.1284168,2026-03-14T19:09:55.128419,redis,0.09632492065429688,10
1773495595.1284168,2026-03-14T19:09:55.128419,mongodb,5.432098388671875,10
1773495600.9503317,2026-03-14T19:10:00.950333,redis,0.11253738403320312,10
1773495600.9503317,2026-03-14T19:10:00.950333,mongodb,5.479900360107422,10
1773495606.360524,2026-03-14T19:10:06.360525,redis,0.12781143188476562,10
1773495606.360524,2026-03-14T19:10:06.360525,mongodb,5.696498870849609,10
1773495611.8811498,2026-03-14T19:10:11.881150,redis,0.1430816650390625,10
1773495611.8811498,2026-03-14T19:10:11.881150,mongodb,5.849571228027344,10
1773495617.4169695,2026-03-14T19:10:17.416971,redis,0.15872955322265625,10
1773495617.4169695,2026-03-14T19:10:17.416971,mongodb,6.066135406494141,10
1773495622.9331586,2026-03-14T19:10:22.933160,redis,0.336822509765625,10
1773495622.9331586,2026-03-14T19:10:22.933160,mongodb,6.1056671142578125,10
1773495628.4541883,2026-03-14T19:10:28.454190,redis,0.3522911071777344,10
1773495628.4541883,2026-03-14T19:10:28.454190,mongodb,6.283149719238281,10
1773495633.8992302,2026-03-14T19:10:33.899231,redis,0.3673820495605469,10
1773495633.8992302,2026-03-14T19:10:33.899231,mongodb,6.46746826171875,10
1773495639.4336483,2026-03-14T19:10:39.433649,redis,0.3826560974121094,10
1773495639.4336483,2026-03-14T19:10:39.433649,mongodb,6.762947082519531,10
1773495645.1247253,2026-03-14T19:10:45.124729,redis,0.39756011962890625,10
1773495645.1247253,2026-03-14T19:10:45.124729,mongodb,5.885494232177734,10
1773495650.6637933,2026-03-14T19:10:50.663795,redis,0.4124641418457031,10
1773495650.6637933,2026-03-14T19:10:50.663795,mongodb,5.997123718261719,10
1773495656.0907583,2026-03-14T19:10:56.090759,redis,0.42772674560546875,10
1773495656.0907583,2026-03-14T19:10:56.090759,mongodb,6.18994140625,10
1773495661.9501393,2026-03-14T19:11:01.950141,redis,0.4435615539550781,10
1773495661.9501393,2026-03-14T19:11:01.950141,mongodb,6.319114685058594,10
1773495667.9560392,2026-03-14T19:11:07.956040,redis,0.4599571228027344,10
1773495667.9560392,2026-03-14T19:11:07.956040,mongodb,6.382717132568359,10
1773495673.393086,2026-03-14T19:11:13.393087,redis,0.4748649597167969,10
1773495673.393086,2026-03-14T19:11:13.393087,mongodb,6.559539794921875,10
1773495678.8419533,2026-03-14T19:11:18.841955,redis,0.48976898193359375,10
1773495678.8419533,2026-03-14T19:11:18.841955,mongodb,6.743076324462891,10
1773495684.3162334,2026-03-14T19:11:24.316234,redis,0.5041160583496094,10
1773495684.3162334,2026-03-14T19:11:24.316234,mongodb,6.8317718505859375,10
1773495689.736088,2026-03-14T19:11:29.736090,redis,0.5188331604003906,10
1773495689.736088,2026-03-14T19:11:29.736090,mongodb,6.984783172607422,10
1773495695.1841543,2026-03-14T19:11:35.184155,redis,0.5337371826171875,10
1773495695.1841543,2026-03-14T19:11:35.184155,mongodb,7.121990203857422,10
1773495700.608959,2026-03-14T19:11:40.608960,redis,0.5484542846679688,10
1773495700.608959,2026-03-14T19:11:40.608960,mongodb,7.339962005615234,10
1773495706.1129298,2026-03-14T19:11:46.112932,redis,0.5633583068847656,10
1773495706.1129298,2026-03-14T19:11:46.112932,mongodb,6.755184173583984,10
1773495711.5644178,2026-03-14T19:11:51.564419,redis,0.5784492492675781,10
1773495711.5644178,2026-03-14T19:11:51.564419,mongodb,6.852603912353516,10
1773495717.059355,2026-03-14T19:11:57.059357,redis,0.5937271118164062,10
1773495717.059355,2026-03-14T19:11:57.059357,mongodb,6.885601043701172,10
1773495722.5245893,2026-03-14T19:12:02.524591,redis,0.6084442138671875,10
1773495722.5245893,2026-03-14T19:12:02.524591,mongodb,7.070392608642578,10
1773495728.0208411,2026-03-14T19:12:08.020843,redis,0.62353515625,10
1773495728.0208411,2026-03-14T19:12:08.020843,mongodb,7.294837951660156,10
1773495733.970256,2026-03-14T19:12:13.970257,redis,0.6401138305664062,10
1773495733.970256,2026-03-14T19:12:13.970257,mongodb,7.439979553222656,10
1773495739.478286,2026-03-14T19:12:19.478287,redis,0.65557861328125,10
1773495739.478286,2026-03-14T19:12:19.478287,mongodb,7.471717834472656,10
1773495744.9201615,2026-03-14T19:12:24.920163,redis,0.6701087951660156,10
1773495744.9201615,2026-03-14T19:12:24.920163,mongodb,7.664623260498047,10
1773495750.4437914,2026-03-14T19:12:30.443793,redis,0.6851997375488281,10
1773495750.4437914,2026-03-14T19:12:30.443793,mongodb,7.825519561767578,10
1773495755.908836,2026-03-14T19:12:35.908838,redis,0.6907501220703125,10
1773495755.908836,2026-03-14T19:12:35.908838,mongodb,7.889019012451172,10
1773495761.382853,2026-03-14T19:12:41.382855,redis,0.6907501220703125,10
1773495761.382853,2026-03-14T19:12:41.382855,mongodb,7.889019012451172,10
1773495766.8619049,2026-03-14T19:12:46.861908,redis,0.6907501220703125,10
1773495766.8619049,2026-03-14T19:12:46.861908,mongodb,7.339099884033203,10
1773495772.3338583,2026-03-14T19:12:52.333860,redis,0.6907501220703125,10
1773495772.3338583,2026-03-14T19:12:52.333860,mongodb,7.339099884033203,10
1773495777.9017265,2026-03-14T19:12:57.901731,redis,0.6907501220703125,10
1773495777.9017265,2026-03-14T19:12:57.901731,mongodb,7.339099884033203,10
1773495783.397786,2026-03-14T19:13:03.397788,redis,0.6907501220703125,10
1773495783.397786,2026-03-14T19:13:03.397788,mongodb,7.339099884033203,10
1773495788.9058437,2026-03-14T19:13:08.905846,redis,0.6907501220703125,10
1773495788.9058437,2026-03-14T19:13:08.905846,mongodb,7.339099884033203,10
1773495794.9629006,2026-03-14T19:13:14.962903,redis,0.6907501220703125,10
1773495794.9629006,2026-03-14T19:13:14.962903,mongodb,7.339099884033203,10
1773495800.9531965,2026-03-14T19:13:20.953199,redis,0.6907501220703125,10
1773495800.9531965,2026-03-14T19:13:20.953199,mongodb,7.339099884033203,10
1773495806.472219,2026-03-14T19:13:26.472221,redis,0.6907501220703125,10
1773495806.472219,2026-03-14T19:13:26.472221,mongodb,7.339103698730469,10
1773495812.0157967,2026-03-14T19:13:32.015798,redis,0.6907501220703125,10
1773495812.0157967,2026-03-14T19:13:32.015798,mongodb,7.339103698730469,10
1773495817.5437558,2026-03-14T19:13:37.543758,redis,0.6907501220703125,10
1773495817.5437558,2026-03-14T19:13:37.543758,mongodb,7.339103698730469,10
1773495823.098588,2026-03-14T19:13:43.098590,redis,0.6907501220703125,10
1773495823.098588,2026-03-14T19:13:43.098590,mongodb,7.339103698730469,10
1773495828.573571,2026-03-14T19:13:48.573572,redis,0.6907501220703125,10
1773495828.573571,2026-03-14T19:13:48.573572,mongodb,7.339103698730469,10
1773495833.9970684,2026-03-14T19:13:53.997071,redis,0.6907501220703125,10
1773495833.9970684,2026-03-14T19:13:53.997071,mongodb,7.339103698730469,10
1773495839.4197233,2026-03-14T19:13:59.419725,redis,0.6907501220703125,10
1773495839.4197233,2026-03-14T19:13:59.419725,mongodb,7.339103698730469,10
1773495844.874629,2026-03-14T19:14:04.874631,redis,0.6907501220703125,10
1773495844.874629,2026-03-14T19:14:04.874631,mongodb,7.339103698730469,10
1773495850.306159,2026-03-14T19:14:10.306160,redis,0.6907501220703125,10
1773495850.306159,2026-03-14T19:14:10.306160,mongodb,7.339103698730469,10
1773495855.9682457,2026-03-14T19:14:15.968248,redis,0.6907501220703125,10
1773495855.9682457,2026-03-14T19:14:15.968248,mongodb,7.339107513427734,10
1773495861.9350219,2026-03-14T19:14:21.935024,redis,0.6907501220703125,10
1773495861.9350219,2026-03-14T19:14:21.935024,mongodb,7.339107513427734,10
1773495867.3839161,2026-03-14T19:14:27.383918,redis,0.6907501220703125,10
1773495867.3839161,2026-03-14T19:14:27.383918,mongodb,7.339107513427734,10
1773495872.8041935,2026-03-14T19:14:32.804195,redis,0.6907501220703125,10
1773495872.8041935,2026-03-14T19:14:32.804195,mongodb,7.339107513427734,10
1773495878.2124898,2026-03-14T19:14:38.212492,redis,0.6907501220703125,10
1773495878.2124898,2026-03-14T19:14:38.212492,mongodb,7.339107513427734,10
1773495883.6978235,2026-03-14T19:14:43.697826,redis,0.6907501220703125,10
1773495883.6978235,2026-03-14T19:14:43.697826,mongodb,7.339103698730469,10
1773495889.2203343,2026-03-14T19:14:49.220336,redis,0.6907501220703125,10
1773495889.2203343,2026-03-14T19:14:49.220336,mongodb,7.339103698730469,10
1773495894.739498,2026-03-14T19:14:54.739499,redis,0.6907501220703125,10
1773495894.739498,2026-03-14T19:14:54.739499,mongodb,7.339103698730469,10
1773495900.2896988,2026-03-14T19:15:00.289700,redis,0.6907501220703125,10
1773495900.2896988,2026-03-14T19:15:00.289700,mongodb,7.339103698730469,10
1773495905.816488,2026-03-14T19:15:05.816489,redis,0.6907501220703125,10
1773495905.816488,2026-03-14T19:15:05.816489,mongodb,7.339103698730469,10
1773495911.2528257,2026-03-14T19:15:11.252830,redis,0.6907501220703125,10
1773495911.2528257,2026-03-14T19:15:11.252830,mongodb,7.339103698730469,10
1773495916.8830779,2026-03-14T19:15:16.883080,redis,0.6907501220703125,10
1773495916.8830779,2026-03-14T19:15:16.883080,mongodb,7.339107513427734,10
1773495922.3147888,2026-03-14T19:15:22.314791,redis,0.9725914001464844,10
1773495922.3147888,2026-03-14T19:15:22.314791,mongodb,7.339107513427734,10
1773495927.9461107,2026-03-14T19:15:27.946112,redis,1.0558586120605469,10
1773495927.9461107,2026-03-14T19:15:27.946112,mongodb,7.339107513427734,10
1773495933.958527,2026-03-14T19:15:33.958529,redis,1.0558586120605469,10
1773495933.958527,2026-03-14T19:15:33.958529,mongodb,7.339107513427734,10
1773495939.4800289,2026-03-14T19:15:39.480031,redis,1.0558586120605469,10
1773495939.4800289,2026-03-14T19:15:39.480031,mongodb,7.339107513427734,10
1773495944.910697,2026-03-14T19:15:44.910700,redis,1.0558586120605469,10
1773495944.910697,2026-03-14T19:15:44.910700,mongodb,7.339099884033203,10
1773495950.324097,2026-03-14T19:15:50.324099,redis,1.0558586120605469,10
1773495950.324097,2026-03-14T19:15:50.324099,mongodb,7.339099884033203,10
1773495955.7694347,2026-03-14T19:15:55.769436,redis,1.0558586120605469,10
1773495955.7694347,2026-03-14T19:15:55.769436,mongodb,7.339099884033203,10
1773495961.20369,2026-03-14T19:16:01.203692,redis,1.0558586120605469,10
1773495961.20369,2026-03-14T19:16:01.203692,mongodb,7.339099884033203,10
1773495966.6241155,2026-03-14T19:16:06.624118,redis,1.0558586120605469,10
1773495966.6241155,2026-03-14T19:16:06.624118,mongodb,7.339099884033203,10
1773495972.0406718,2026-03-14T19:16:12.040673,redis,1.0558586120605469,10
1773495972.0406718,2026-03-14T19:16:12.040673,mongodb,7.339099884033203,10
1773495977.5025322,2026-03-14T19:16:17.502535,redis,1.0558586120605469,10
1773495977.5025322,2026-03-14T19:16:17.502535,mongodb,7.339099884033203,10
1773495982.9656076,2026-03-14T19:16:22.965609,redis,1.0558586120605469,10
1773495982.9656076,2026-03-14T19:16:22.965609,mongodb,7.339103698730469,10
1773495988.9496288,2026-03-14T19:16:28.949630,redis,1.0558586120605469,10
1773495988.9496288,2026-03-14T19:16:28.949630,mongodb,7.339103698730469,10
1773495994.9540563,2026-03-14T19:16:34.954058,redis,1.0558586120605469,10
1773495994.9540563,2026-03-14T19:16:34.954058,mongodb,7.339099884033203,10
1773496000.3594756,2026-03-14T19:16:40.359478,redis,1.0558586120605469,10
1773496000.3594756,2026-03-14T19:16:40.359478,mongodb,7.339099884033203,10
1773496005.8189955,2026-03-14T19:16:45.818999,redis,1.0558586120605469,10
1773496005.8189955,2026-03-14T19:16:45.818999,mongodb,7.339130401611328,10
1773496011.3393366,2026-03-14T19:16:51.339338,redis,1.0558586120605469,10
1773496011.3393366,2026-03-14T19:16:51.339338,mongodb,7.339130401611328,10
1773496016.8618183,2026-03-14T19:16:56.861821,redis,1.0558586120605469,10
1773496016.8618183,2026-03-14T19:16:56.861821,mongodb,7.339130401611328,10
1773496022.2676208,2026-03-14T19:17:02.267623,redis,1.0558586120605469,10
1773496022.2676208,2026-03-14T19:17:02.267623,mongodb,7.339130401611328,10
1773496027.7350745,2026-03-14T19:17:07.735076,redis,1.0558586120605469,10
1773496027.7350745,2026-03-14T19:17:07.735076,mongodb,7.339130401611328,10
1773496033.134773,2026-03-14T19:17:13.134775,redis,1.0558586120605469,10
1773496033.134773,2026-03-14T19:17:13.134775,mongodb,7.339130401611328,10
1773496038.6262522,2026-03-14T19:17:18.626255,redis,1.0558586120605469,10
1773496038.6262522,2026-03-14T19:17:18.626255,mongodb,7.339130401611328,10
1773496044.0479434,2026-03-14T19:17:24.047946,redis,1.0558586120605469,10
1773496044.0479434,2026-03-14T19:17:24.047946,mongodb,7.339134216308594,10
1773496049.958746,2026-03-14T19:17:29.958747,redis,1.0558586120605469,10
1773496049.958746,2026-03-14T19:17:29.958747,mongodb,7.339134216308594,10
1773496055.9516952,2026-03-14T19:17:35.951696,redis,1.0558586120605469,10
1773496055.9516952,2026-03-14T19:17:35.951696,mongodb,7.339134216308594,10
1773496061.3773112,2026-03-14T19:17:41.377313,redis,1.0558586120605469,10
1773496061.3773112,2026-03-14T19:17:41.377313,mongodb,7.339134216308594,10
1773496066.8558269,2026-03-14T19:17:46.855829,redis,1.0558586120605469,10
1773496066.8558269,2026-03-14T19:17:46.855829,mongodb,7.339134216308594,10
1773496072.3689127,2026-03-14T19:17:52.368915,redis,1.0558586120605469,10
1773496072.3689127,2026-03-14T19:17:52.368915,mongodb,7.339134216308594,10
1773496077.8561978,2026-03-14T19:17:57.856200,redis,1.0558586120605469,10
1773496077.8561978,2026-03-14T19:17:57.856200,mongodb,7.339134216308594,10
1773496083.3362577,2026-03-14T19:18:03.336260,redis,1.0558586120605469,10
1773496083.3362577,2026-03-14T19:18:03.336260,mongodb,7.339134216308594,10
1773496088.7806547,2026-03-14T19:18:08.780656,redis,1.0558586120605469,10
1773496088.7806547,2026-03-14T19:18:08.780656,mongodb,7.339134216308594,10
1773496094.2267258,2026-03-14T19:18:14.226728,redis,1.0558586120605469,10
1773496094.2267258,2026-03-14T19:18:14.226728,mongodb,7.339134216308594,10
1773496099.6680803,2026-03-14T19:18:19.668083,redis,1.0558586120605469,10
1773496099.6680803,2026-03-14T19:18:19.668083,mongodb,7.339134216308594,10
1773496105.2196083,2026-03-14T19:18:25.219610,redis,1.0558586120605469,10
1773496105.2196083,2026-03-14T19:18:25.219610,mongodb,7.339134216308594,10
1773496110.9504778,2026-03-14T19:18:30.950479,redis,1.0558586120605469,10
1773496110.9504778,2026-03-14T19:18:30.950479,mongodb,7.339134216308594,10
1773496116.4138653,2026-03-14T19:18:36.413867,redis,1.0558586120605469,10
1773496116.4138653,2026-03-14T19:18:36.413867,mongodb,7.339138031005859,10
1773496121.9184346,2026-03-14T19:18:41.918437,redis,1.0558586120605469,10
1773496121.9184346,2026-03-14T19:18:41.918437,mongodb,7.339138031005859,10
1773496127.4560344,2026-03-14T19:18:47.456038,redis,1.0558586120605469,10
1773496127.4560344,2026-03-14T19:18:47.456038,mongodb,7.339134216308594,10
1773496133.0256116,2026-03-14T19:18:53.025613,redis,1.0558586120605469,10
1773496133.0256116,2026-03-14T19:18:53.025613,mongodb,7.339134216308594,10
1773496138.9915197,2026-03-14T19:18:58.991522,redis,1.0558586120605469,10
1773496138.9915197,2026-03-14T19:18:58.991522,mongodb,7.339134216308594,10
1773496144.4861,2026-03-14T19:19:04.486101,redis,1.0558586120605469,10
1773496144.4861,2026-03-14T19:19:04.486101,mongodb,7.339134216308594,10
1773496150.012306,2026-03-14T19:19:10.012308,redis,1.0558586120605469,10
1773496150.012306,2026-03-14T19:19:10.012308,mongodb,7.339134216308594,10
1773496155.4359984,2026-03-14T19:19:15.436000,redis,1.0558586120605469,10
1773496155.4359984,2026-03-14T19:19:15.436000,mongodb,7.339134216308594,10
1773496160.9872234,2026-03-14T19:19:20.987226,redis,1.0558586120605469,10
1773496160.9872234,2026-03-14T19:19:20.987226,mongodb,7.339134216308594,10
1773496166.427051,2026-03-14T19:19:26.427053,redis,1.0558586120605469,10
1773496166.427051,2026-03-14T19:19:26.427053,mongodb,7.339134216308594,10
1773496171.9653254,2026-03-14T19:19:31.965328,redis,1.0558586120605469,10
1773496171.9653254,2026-03-14T19:19:31.965328,mongodb,7.339134216308594,10
1773496177.9640598,2026-03-14T19:19:37.964062,redis,1.0558586120605469,10
1773496177.9640598,2026-03-14T19:19:37.964062,mongodb,7.339138031005859,10
1773496184.1689045,2026-03-14T19:19:44.168907,redis,1.0558586120605469,10
1773496184.1689045,2026-03-14T19:19:44.168907,mongodb,7.339138031005859,10
1773496189.5730937,2026-03-14T19:19:49.573096,redis,1.0558586120605469,10
1773496189.5730937,2026-03-14T19:19:49.573096,mongodb,7.339138031005859,10
1773496195.0006666,2026-03-14T19:19:55.000669,redis,1.0558586120605469,10
1773496195.0006666,2026-03-14T19:19:55.000669,mongodb,7.339138031005859,10
1773496200.4707808,2026-03-14T19:20:00.470783,redis,1.0558586120605469,10
1773496200.4707808,2026-03-14T19:20:00.470783,mongodb,7.339138031005859,10
1773496205.965914,2026-03-14T19:20:05.965917,redis,1.0558586120605469,10
1773496205.965914,2026-03-14T19:20:05.965917,mongodb,7.339138031005859,10
1773496211.4373026,2026-03-14T19:20:11.437305,redis,1.0558586120605469,10
1773496211.4373026,2026-03-14T19:20:11.437305,mongodb,7.339138031005859,10
1773496216.9555907,2026-03-14T19:20:16.955592,redis,1.0558586120605469,10
1773496216.9555907,2026-03-14T19:20:16.955592,mongodb,7.339138031005859,10
1773496222.9443815,2026-03-14T19:20:22.944383,redis,1.0558586120605469,10
1773496222.9443815,2026-03-14T19:20:22.944383,mongodb,7.339138031005859,10
1773496228.9427512,2026-03-14T19:20:28.942754,redis,1.0558586120605469,10
1773496228.9427512,2026-03-14T19:20:28.942754,mongodb,7.339138031005859,10
1773496234.4005435,2026-03-14T19:20:34.400546,redis,1.0558586120605469,10
1773496234.4005435,2026-03-14T19:20:34.400546,mongodb,7.339138031005859,10
1773496239.8793247,2026-03-14T19:20:39.879326,redis,1.0558586120605469,10
1773496239.8793247,2026-03-14T19:20:39.879326,mongodb,7.339138031005859,10
1773496245.2995253,2026-03-14T19:20:45.299527,redis,1.0558586120605469,10
1773496245.2995253,2026-03-14T19:20:45.299527,mongodb,7.339141845703125,10
1773496250.7787535,2026-03-14T19:20:50.778756,redis,1.0558586120605469,10
1773496250.7787535,2026-03-14T19:20:50.778756,mongodb,7.339141845703125,10
1773496256.231471,2026-03-14T19:20:56.231473,redis,1.0558586120605469,10
1773496256.231471,2026-03-14T19:20:56.231473,mongodb,7.339145660400391,10
1773496261.6508267,2026-03-14T19:21:01.650828,redis,1.0558586120605469,10
1773496261.6508267,2026-03-14T19:21:01.650828,mongodb,7.339145660400391,10
1773496267.1709933,2026-03-14T19:21:07.170995,redis,1.0558586120605469,10
1773496267.1709933,2026-03-14T19:21:07.170995,mongodb,7.339145660400391,10
1773496272.625268,2026-03-14T19:21:12.625271,redis,1.0558586120605469,10
1773496272.625268,2026-03-14T19:21:12.625271,mongodb,7.339145660400391,10
1773496278.1260035,2026-03-14T19:21:18.126005,redis,1.0558586120605469,10
1773496278.1260035,2026-03-14T19:21:18.126005,mongodb,7.339145660400391,10
1773496283.5365353,2026-03-14T19:21:23.536537,redis,1.0558586120605469,10
1773496283.5365353,2026-03-14T19:21:23.536537,mongodb,7.339145660400391,10
1773496289.019573,2026-03-14T19:21:29.019575,redis,1.0558586120605469,10
1773496289.019573,2026-03-14T19:21:29.019575,mongodb,7.339145660400391,10
1773496294.5215836,2026-03-14T19:21:34.521586,redis,1.0558586120605469,10
1773496294.5215836,2026-03-14T19:21:34.521586,mongodb,7.339145660400391,10
1773496299.950587,2026-03-14T19:21:39.950588,redis,1.0558586120605469,10
1773496299.950587,2026-03-14T19:21:39.950588,mongodb,7.339145660400391,10
1773496305.598861,2026-03-14T19:21:45.598863,redis,1.0558586120605469,10
1773496305.598861,2026-03-14T19:21:45.598863,mongodb,7.33917236328125,10
1773496311.1237187,2026-03-14T19:21:51.123720,redis,1.0558586120605469,10
1773496311.1237187,2026-03-14T19:21:51.123720,mongodb,7.33917236328125,10
1773496316.659702,2026-03-14T19:21:56.659704,redis,1.0558586120605469,10
1773496316.659702,2026-03-14T19:21:56.659704,mongodb,7.33917236328125,10
1773496322.1031966,2026-03-14T19:22:02.103198,redis,1.0558586120605469,10
1773496322.1031966,2026-03-14T19:22:02.103198,mongodb,7.33917236328125,10
1773496327.4986718,2026-03-14T19:22:07.498673,redis,1.0558586120605469,10
1773496327.4986718,2026-03-14T19:22:07.498673,mongodb,7.33917236328125,10
1773496332.8999453,2026-03-14T19:22:12.899947,redis,1.0558586120605469,10
1773496332.8999453,2026-03-14T19:22:12.899947,mongodb,7.33917236328125,10
1773496338.3342953,2026-03-14T19:22:18.334297,redis,1.0558586120605469,10
1773496338.3342953,2026-03-14T19:22:18.334297,mongodb,7.33917236328125,10
1773496343.7577019,2026-03-14T19:22:23.757703,redis,1.0558586120605469,10
1773496343.7577019,2026-03-14T19:22:23.757703,mongodb,7.339176177978516,10
1773496349.2147827,2026-03-14T19:22:29.214786,redis,1.0558586120605469,10
1773496349.2147827,2026-03-14T19:22:29.214786,mongodb,7.339176177978516,10
1773496354.6302156,2026-03-14T19:22:34.630217,redis,1.0558586120605469,10
1773496354.6302156,2026-03-14T19:22:34.630217,mongodb,7.339176177978516,10
1773496360.045783,2026-03-14T19:22:40.045785,redis,1.0558586120605469,10
1773496360.045783,2026-03-14T19:22:40.045785,mongodb,7.339176177978516,10
1773496365.9438531,2026-03-14T19:22:45.943854,redis,1.0558586120605469,10
1773496365.9438531,2026-03-14T19:22:45.943854,mongodb,7.33917236328125,10
1773496371.381282,2026-03-14T19:22:51.381284,redis,1.0558586120605469,10
1773496371.381282,2026-03-14T19:22:51.381284,mongodb,7.33917236328125,10
1773496376.9446356,2026-03-14T19:22:56.944637,redis,1.0558586120605469,10
1773496376.9446356,2026-03-14T19:22:56.944637,mongodb,7.33917236328125,10
1773496382.4446173,2026-03-14T19:23:02.444619,redis,1.0558586120605469,10
1773496382.4446173,2026-03-14T19:23:02.444619,mongodb,7.33917236328125,10
1773496387.8955026,2026-03-14T19:23:07.895505,redis,1.0558586120605469,10
1773496387.8955026,2026-03-14T19:23:07.895505,mongodb,7.33917236328125,10
1773496393.3143876,2026-03-14T19:23:13.314389,redis,1.0558586120605469,10
1773496393.3143876,2026-03-14T19:23:13.314389,mongodb,7.33917236328125,10
1773496398.763209,2026-03-14T19:23:18.763211,redis,1.0558586120605469,10
1773496398.763209,2026-03-14T19:23:18.763211,mongodb,7.33917236328125,10
1773496404.3060732,2026-03-14T19:23:24.306076,redis,1.0558586120605469,10
1773496404.3060732,2026-03-14T19:23:24.306076,mongodb,7.33917236328125,10
1773496409.837431,2026-03-14T19:23:29.837435,redis,1.0558586120605469,10
1773496409.837431,2026-03-14T19:23:29.837435,mongodb,7.33917236328125,10
1773496415.3397095,2026-03-14T19:23:35.339711,redis,1.0558586120605469,10
1773496415.3397095,2026-03-14T19:23:35.339711,mongodb,7.339176177978516,10
1773496420.7881405,2026-03-14T19:23:40.788143,redis,1.0558586120605469,10
1773496420.7881405,2026-03-14T19:23:40.788143,mongodb,7.339176177978516,10
1773496426.8609579,2026-03-14T19:23:46.860961,redis,1.0558586120605469,10
1773496426.8609579,2026-03-14T19:23:46.860961,mongodb,7.339176177978516,10
1773496432.2886913,2026-03-14T19:23:52.288693,redis,1.0558586120605469,10
1773496432.2886913,2026-03-14T19:23:52.288693,mongodb,7.339176177978516,10
1773496437.8114893,2026-03-14T19:23:57.811491,redis,1.0558586120605469,10
1773496437.8114893,2026-03-14T19:23:57.811491,mongodb,7.339176177978516,10
1773496443.2786067,2026-03-14T19:24:03.278610,redis,1.0558586120605469,10
1773496443.2786067,2026-03-14T19:24:03.278610,mongodb,7.339176177978516,10
1773496448.88568,2026-03-14T19:24:08.885681,redis,1.0558586120605469,10
1773496448.88568,2026-03-14T19:24:08.885681,mongodb,7.339176177978516,10
1773496454.4840076,2026-03-14T19:24:14.484009,redis,1.0558586120605469,10
1773496454.4840076,2026-03-14T19:24:14.484009,mongodb,7.339176177978516,10
1773496459.8870232,2026-03-14T19:24:19.887025,redis,1.0558586120605469,10
1773496459.8870232,2026-03-14T19:24:19.887025,mongodb,7.339176177978516,10
1773496465.370424,2026-03-14T19:24:25.370426,redis,1.0558586120605469,10
1773496465.370424,2026-03-14T19:24:25.370426,mongodb,7.339176177978516,10
1773496470.8419697,2026-03-14T19:24:30.841973,redis,1.0558586120605469,10
1773496470.8419697,2026-03-14T19:24:30.841973,mongodb,7.339176177978516,10
1773496476.310694,2026-03-14T19:24:36.310695,redis,1.0558586120605469,10
1773496476.310694,2026-03-14T19:24:36.310695,mongodb,7.339179992675781,10
1773496481.6597407,2026-03-14T19:24:41.659742,redis,1.0558586120605469,10
1773496481.6597407,2026-03-14T19:24:41.659742,mongodb,7.339179992675781,10
1773496487.9301245,2026-03-14T19:24:47.930126,redis,1.0558586120605469,10
1773496487.9301245,2026-03-14T19:24:47.930126,mongodb,7.339183807373047,10
1773496493.297834,2026-03-14T19:24:53.297835,redis,1.0558586120605469,10
1773496493.297834,2026-03-14T19:24:53.297835,mongodb,7.339183807373047,10
1773496498.7621028,2026-03-14T19:24:58.762105,redis,1.0558586120605469,10
1773496498.7621028,2026-03-14T19:24:58.762105,mongodb,7.339183807373047,10
1773496504.2189386,2026-03-14T19:25:04.218941,redis,1.0558586120605469,10
1773496504.2189386,2026-03-14T19:25:04.218941,mongodb,7.339183807373047,10
1773496509.6374185,2026-03-14T19:25:09.637420,redis,1.0558586120605469,10
1773496509.6374185,2026-03-14T19:25:09.637420,mongodb,7.339183807373047,10
1773496515.0933259,2026-03-14T19:25:15.093328,redis,1.0558586120605469,10
1773496515.0933259,2026-03-14T19:25:15.093328,mongodb,7.339183807373047,10
1773496520.5076072,2026-03-14T19:25:20.507609,redis,1.0558586120605469,10
1773496520.5076072,2026-03-14T19:25:20.507609,mongodb,7.339183807373047,10
1773496525.9046054,2026-03-14T19:25:25.904607,redis,1.0558586120605469,10
1773496525.9046054,2026-03-14T19:25:25.904607,mongodb,7.339183807373047,10
1773496531.3252516,2026-03-14T19:25:31.325253,redis,1.0558586120605469,10
1773496531.3252516,2026-03-14T19:25:31.325253,mongodb,7.339183807373047,10
1773496536.7252588,2026-03-14T19:25:36.725261,redis,1.0558586120605469,10
1773496536.7252588,2026-03-14T19:25:36.725261,mongodb,7.3391876220703125,10
1773496542.15083,2026-03-14T19:25:42.150832,redis,1.0558586120605469,10
1773496542.15083,2026-03-14T19:25:42.150832,mongodb,7.3391876220703125,10
1773496547.5891602,2026-03-14T19:25:47.589162,redis,1.0558586120605469,10
1773496547.5891602,2026-03-14T19:25:47.589162,mongodb,7.3391876220703125,10
1773496553.0157123,2026-03-14T19:25:53.015715,redis,1.0558586120605469,10
1773496553.0157123,2026-03-14T19:25:53.015715,mongodb,7.3391876220703125,10
1773496558.96039,2026-03-14T19:25:58.960392,redis,1.0558586120605469,10
1773496558.96039,2026-03-14T19:25:58.960392,mongodb,7.3391876220703125,10
1773496564.4634645,2026-03-14T19:26:04.463468,redis,1.0558586120605469,10
1773496564.4634645,2026-03-14T19:26:04.463468,mongodb,7.3391876220703125,10
1773496570.052392,2026-03-14T19:26:10.052395,redis,1.0558586120605469,10
1773496570.052392,2026-03-14T19:26:10.052395,mongodb,7.3391876220703125,10
1773496575.988288,2026-03-14T19:26:15.988291,redis,1.0558586120605469,10
1773496575.988288,2026-03-14T19:26:15.988291,mongodb,7.3391876220703125,10
1773496581.4787896,2026-03-14T19:26:21.478792,redis,1.0558586120605469,10
1773496581.4787896,2026-03-14T19:26:21.478792,mongodb,7.3391876220703125,10
1773496586.9558275,2026-03-14T19:26:26.955830,redis,1.0558586120605469,10
1773496586.9558275,2026-03-14T19:26:26.955830,mongodb,7.3391876220703125,10
1773496592.4096699,2026-03-14T19:26:32.409672,redis,1.0558586120605469,10
1773496592.4096699,2026-03-14T19:26:32.409672,mongodb,7.3391876220703125,10
1773496597.861723,2026-03-14T19:26:37.861724,redis,1.0558586120605469,10
1773496597.861723,2026-03-14T19:26:37.861724,mongodb,7.3391876220703125,10
1773496603.2812836,2026-03-14T19:26:43.281285,redis,1.0558586120605469,10
1773496603.2812836,2026-03-14T19:26:43.281285,mongodb,7.339214324951172,10
1773496608.7249196,2026-03-14T19:26:48.724921,redis,1.0558586120605469,10
1773496608.7249196,2026-03-14T19:26:48.724921,mongodb,7.339214324951172,10
1773496614.1573093,2026-03-14T19:26:54.157311,redis,1.0558586120605469,10
1773496614.1573093,2026-03-14T19:26:54.157311,mongodb,7.339214324951172,10
1773496619.9574428,2026-03-14T19:26:59.957445,redis,1.0558586120605469,10
1773496619.9574428,2026-03-14T19:26:59.957445,mongodb,7.339214324951172,10
1773496625.4184294,2026-03-14T19:27:05.418432,redis,1.0558586120605469,10
1773496625.4184294,2026-03-14T19:27:05.418432,mongodb,7.339214324951172,10
1773496630.916853,2026-03-14T19:27:10.916855,redis,1.0558586120605469,10
1773496630.916853,2026-03-14T19:27:10.916855,mongodb,7.339214324951172,10
1773496636.450181,2026-03-14T19:27:16.450185,redis,1.0558586120605469,10
1773496636.450181,2026-03-14T19:27:16.450185,mongodb,7.339214324951172,10
1773496641.9853926,2026-03-14T19:27:21.985394,redis,1.0558586120605469,10
1773496641.9853926,2026-03-14T19:27:21.985394,mongodb,7.339214324951172,10
1773496647.5177248,2026-03-14T19:27:27.517727,redis,1.0558586120605469,10
1773496647.5177248,2026-03-14T19:27:27.517727,mongodb,7.3392181396484375,10
1773496653.0801244,2026-03-14T19:27:33.080126,redis,1.0558586120605469,10
1773496653.0801244,2026-03-14T19:27:33.080126,mongodb,7.3392181396484375,10
1773496658.5824819,2026-03-14T19:27:38.582484,redis,1.0558586120605469,10
1773496658.5824819,2026-03-14T19:27:38.582484,mongodb,7.3392181396484375,10
1773496663.9994853,2026-03-14T19:27:43.999487,redis,1.0558586120605469,10
1773496663.9994853,2026-03-14T19:27:43.999487,mongodb,7.3392181396484375,10
1773496669.5539196,2026-03-14T19:27:49.553935,redis,1.0558586120605469,10
1773496669.5539196,2026-03-14T19:27:49.553935,mongodb,7.3392181396484375,10
1773496675.0515504,2026-03-14T19:27:55.051552,redis,1.0558586120605469,10
1773496675.0515504,2026-03-14T19:27:55.051552,mongodb,7.3392181396484375,10
1773496680.9661047,2026-03-14T19:28:00.966106,redis,1.0558586120605469,10
1773496680.9661047,2026-03-14T19:28:00.966106,mongodb,7.3392181396484375,10
1773496686.4109945,2026-03-14T19:28:06.410996,redis,1.0558586120605469,10
1773496686.4109945,2026-03-14T19:28:06.410996,mongodb,7.3392181396484375,10
1773496691.8617778,2026-03-14T19:28:11.861779,redis,1.0558586120605469,10
1773496691.8617778,2026-03-14T19:28:11.861779,mongodb,7.3392181396484375,10
1773496697.3539612,2026-03-14T19:28:17.353963,redis,1.0558586120605469,10
1773496697.3539612,2026-03-14T19:28:17.353963,mongodb,7.3392181396484375,10
1773496702.7484152,2026-03-14T19:28:22.748418,redis,1.0558586120605469,10
1773496702.7484152,2026-03-14T19:28:22.748418,mongodb,7.3392181396484375,10
1773496708.190987,2026-03-14T19:28:28.190988,redis,1.0558586120605469,10
1773496708.190987,2026-03-14T19:28:28.190988,mongodb,7.3392181396484375,10
1773496713.671902,2026-03-14T19:28:33.671904,redis,1.0558586120605469,10
1773496713.671902,2026-03-14T19:28:33.671904,mongodb,7.339221954345703,10
1773496719.158549,2026-03-14T19:28:39.158550,redis,1.0558586120605469,10
1773496719.158549,2026-03-14T19:28:39.158550,mongodb,7.339221954345703,10
1773496724.6306412,2026-03-14T19:28:44.630643,redis,1.0558586120605469,10
1773496724.6306412,2026-03-14T19:28:44.630643,mongodb,7.339221954345703,10
1773496730.2356427,2026-03-14T19:28:50.235644,redis,1.0558586120605469,10
1773496730.2356427,2026-03-14T19:28:50.235644,mongodb,7.339221954345703,10
1773496735.6848714,2026-03-14T19:28:55.684874,redis,1.0558586120605469,10
1773496735.6848714,2026-03-14T19:28:55.684874,mongodb,7.339221954345703,10
1773496741.1792579,2026-03-14T19:29:01.179259,redis,1.0558586120605469,10
1773496741.1792579,2026-03-14T19:29:01.179259,mongodb,7.339221954345703,10
1773496746.5763938,2026-03-14T19:29:06.576395,redis,1.0558586120605469,10
1773496746.5763938,2026-03-14T19:29:06.576395,mongodb,7.339221954345703,10
1773496752.9613502,2026-03-14T19:29:12.961352,redis,1.0558586120605469,10
1773496752.9613502,2026-03-14T19:29:12.961352,mongodb,7.339221954345703,10
1773496758.5050883,2026-03-14T19:29:18.505091,redis,1.0558586120605469,10
1773496758.5050883,2026-03-14T19:29:18.505091,mongodb,7.339221954345703,10
1773496763.948853,2026-03-14T19:29:23.948855,redis,1.0558586120605469,10
1773496763.948853,2026-03-14T19:29:23.948855,mongodb,7.339221954345703,10
1773496769.9664478,2026-03-14T19:29:29.966451,redis,1.0558586120605469,10
1773496769.9664478,2026-03-14T19:29:29.966451,mongodb,7.339221954345703,10
1773496775.4801805,2026-03-14T19:29:35.480184,redis,1.0558586120605469,10
1773496775.4801805,2026-03-14T19:29:35.480184,mongodb,7.339225769042969,10
1773496780.9215288,2026-03-14T19:29:40.921531,redis,1.0558586120605469,10
1773496780.9215288,2026-03-14T19:29:40.921531,mongodb,7.339225769042969,10
1773496786.4294615,2026-03-14T19:29:46.429465,redis,1.0558586120605469,10
1773496786.4294615,2026-03-14T19:29:46.429465,mongodb,7.339225769042969,10
1773496791.911582,2026-03-14T19:29:51.911584,redis,1.0558586120605469,10
1773496791.911582,2026-03-14T19:29:51.911584,mongodb,7.339225769042969,10
1773496797.3905208,2026-03-14T19:29:57.390522,redis,1.0558586120605469,10
1773496797.3905208,2026-03-14T19:29:57.390522,mongodb,7.339225769042969,10
1773496802.8636556,2026-03-14T19:30:02.863660,redis,1.0558586120605469,10
1773496802.8636556,2026-03-14T19:30:02.863660,mongodb,7.339225769042969,10
1773496808.3475635,2026-03-14T19:30:08.347565,redis,1.0558586120605469,10
1773496808.3475635,2026-03-14T19:30:08.347565,mongodb,7.339225769042969,10
1773496813.9562602,2026-03-14T19:30:13.956263,redis,1.0558586120605469,10
1773496813.9562602,2026-03-14T19:30:13.956263,mongodb,7.339225769042969,10
1773496819.5295506,2026-03-14T19:30:19.529552,redis,1.0558586120605469,10
1773496819.5295506,2026-03-14T19:30:19.529552,mongodb,7.339225769042969,10
1773496825.0755649,2026-03-14T19:30:25.075566,redis,1.0558586120605469,10
1773496825.0755649,2026-03-14T19:30:25.075566,mongodb,7.339225769042969,10
1773496830.9546244,2026-03-14T19:30:30.954626,redis,1.0558586120605469,10
1773496830.9546244,2026-03-14T19:30:30.954626,mongodb,7.339225769042969,10
1773496836.508592,2026-03-14T19:30:36.508595,redis,1.0558586120605469,10
1773496836.508592,2026-03-14T19:30:36.508595,mongodb,7.339225769042969,10
1773496841.94758,2026-03-14T19:30:41.947582,redis,1.0558586120605469,10
1773496841.94758,2026-03-14T19:30:41.947582,mongodb,0.0,10
1773496847.9258368,2026-03-14T19:30:47.925838,redis,0.0,10
1773496847.9258368,2026-03-14T19:30:47.925838,mongodb,7.339282989501953,10
1773496853.2861593,2026-03-14T19:30:53.286162,redis,1.0558586120605469,10
1773496853.2861593,2026-03-14T19:30:53.286162,mongodb,7.3393096923828125,10
1773496858.7100344,2026-03-14T19:30:58.710036,redis,1.0558586120605469,10
1773496858.7100344,2026-03-14T19:30:58.710036,mongodb,7.3393096923828125,10
1773496864.1748192,2026-03-14T19:31:04.174821,redis,1.0558586120605469,10
1773496864.1748192,2026-03-14T19:31:04.174821,mongodb,7.3393096923828125,10
1773496869.6981962,2026-03-14T19:31:09.698198,redis,1.0558586120605469,10
1773496869.6981962,2026-03-14T19:31:09.698198,mongodb,7.3393096923828125,10
1773496875.190573,2026-03-14T19:31:15.190575,redis,1.0558586120605469,10
1773496875.190573,2026-03-14T19:31:15.190575,mongodb,7.3393096923828125,10
1773496880.6161878,2026-03-14T19:31:20.616190,redis,1.0558586120605469,10
1773496880.6161878,2026-03-14T19:31:20.616190,mongodb,7.3393096923828125,10
1773496886.1431618,2026-03-14T19:31:26.143163,redis,1.0558586120605469,10
1773496886.1431618,2026-03-14T19:31:26.143163,mongodb,7.3393096923828125,10
1773496891.5979896,2026-03-14T19:31:31.597991,redis,1.0558586120605469,10
1773496891.5979896,2026-03-14T19:31:31.597991,mongodb,7.3393096923828125,10
1773496897.1194062,2026-03-14T19:31:37.119409,redis,1.0558586120605469,10
1773496897.1194062,2026-03-14T19:31:37.119409,mongodb,7.3393096923828125,10
1773496902.734109,2026-03-14T19:31:42.734112,redis,1.0558586120605469,10
1773496902.734109,2026-03-14T19:31:42.734112,mongodb,7.3393402099609375,10
1773496908.2565813,2026-03-14T19:31:48.256583,redis,1.0558586120605469,10
1773496908.2565813,2026-03-14T19:31:48.256583,mongodb,7.339344024658203,10
1773496913.7907557,2026-03-14T19:31:53.790757,redis,1.0558586120605469,10
1773496919.046035,2026-03-14T19:31:59.046037,redis,1.1441535949707031,10
